,Area_Test,Area_Train,R2_Test,R2_Train
G1.0_C0.1_Klinear_D3_M10,0.11860442677678928,0.14039002619578922,0.3361976291861367,0.41034453532206105
G1.0_C0.001_Klinear_D3_M10,0.08867061615947201,0.07354613369554669,0.12012692040414064,0.07353955247407051
G0.1_C0.001_Krbf_D3_M10,0.01694679763030429,-0.004210730571456309,0.000177231255856114,0.030900031020389632
G0.1_C0.1_Krbf_D3_M10,0.01694679763030429,-0.004210730571456309,0.002177767651904139,0.044913642995955017
G1.0_C0.1_Krbf_D3_M10,-0.06399336176453561,-0.0798098379741923,0.0017912551963003007,0.0013359451230330333
G1.0_C0.001_Krbf_D3_M10,-0.06411686381968701,-0.08012806830309498,0.0029452909513636443,0.0009321122918052316
G0.1_C0.001_Klinear_D3_M10,-0.08867061615947207,-0.07354613369554673,0.06982841252202321,0.07598334619346447
G0.1_C0.1_Klinear_D3_M10,-0.11860442677678935,-0.14039002619578927,0.35445039114394583,0.4148884191846013
