,Accuracy,Area_Test,Area_Train,R2_Test,R2_Train
G:0.01_C:0.001_K:rbf_D:3.0_M:1000000,80.84,0.4373488202710215,0.46292713621849346,0.8417026376580097,0.8211138139517575
